Age,All_Devs,Python,JavaScript
18,17784,20046,32644
19,16500,17100,28287.33333
20,18012,20000,32657.33333
21,20628,24744,39854
22,25206,30500,49054
23,30252,37732,60378
24,34368,41247,66436
25,38496,45372,73311.33333
26,42000,48876,79150.66667
27,46752,53850,87366
28,49320,57287,92804
29,53200,45000,77714
30,56000,50000,85313.33333
31,62316,55000,94084.66667
32,64928,70000,114954.6667
33,67317,71496,117745
34,68748,75370,123386.6667
35,73752,83640,136080.6667
36,77232,84666,138608
37,78000,84392,138498
38,78508,78254,130482.6667
39,79536,85000,139819.3333
40,82488,87038,143520
41,88935,91991,152272.3333
42,90000,100000,163305.3333
43,90056,94796,156384.6667
44,95000,97962,162253.3333
45,90000,93302,154372.6667
46,91633,99240,162833.6667
47,91660,102736,167503.3333
48,98150,112285,182398
49,98964,100771,167316.6667
50,100000,104708,172910.6667
51,98988,108423,177526
52,100000,101407,168508
53,108923,112542,186328.3333
54,105000,122870,198790.6667
55,103117,120000,194335.6667
